,TAP,LINES
0,1,9109 9209
1,3,955102 856203 115108 115208 11110 14206 215101 14106 936203
2,5,864104 864204
3,7,395106 395206
4,8,923104 35104 923204 35204
5,9,110201 237203 237103 110101 921117 921217 237101 237201
6,10,306207 306107
7,15,306107
8,16,318209 318109
9,18,388208 388108
10,19,306207 306107
11,20,389201 389101 388208 388108
12,24,315112 315212
13,25,306207 306107
14,26,150119 41111 150120 101203 41108 30211 101103 41208 101202 30111 41211 150219 150220 101102
15,27,916102 961103 917103
16,28,315112 315212
17,30,388208 388108
18,32,306207 306107
19,34,389201 389101
20,35,864106 864104 864204 864206
21,37,315112 315212
22,38,315112 315212
23,39,864104 864204
24,41,306207 306107
25,42,315112 315212
26,43,962104 936203 856203
27,44,315112 315212
28,46,388208 388108
29,47,27211 27111
30,50,306207 306107
31,54,315112 315212
32,55,704109
33,58,306207 306107
34,60,315112 311210 315212 311110
35,61,311210 311110
36,62,388208 388108
37,63,315112 311210 315212 311110
38,67,311210 311110
39,68,315112 309115 311110 313216 311210 303208 309215 313116 303108 315212
40,71,315112 309115 313216 315212 303208 309215 313116 303108
41,73,936203 856203 1215 215201 856103 936103 1211 1111 215101 1115
42,74,315112 309115 313216 315212 303208 309215 313116 303108
43,75,311210 303208 303108 311110
44,76,303108 303208
45,79,315112 309115 313216 315212 303208 309215 313116 303108
46,80,306207 306107
47,81,303108 303208
48,82,315112 315212 303108 303208
49,83,315112 309115 313216 315212 303208 309215 313116 303108
50,84,303108 303208
51,86,311210 303208 303108 311110
52,87,313216 309115 313116 309215
53,88,313216 313116
54,91,303108 303208
55,92,303108 303208
56,93,395106 392204 395206
57,97,311210 303208 303108 311110
58,100,309115 311210 311110 309215
59,101,27211 27111
60,102,306207 306107
61,103,388208 388108
62,104,315112 315212
63,105,309115 309215
64,106,311210 311110
65,107,303108 303208
66,108,311210 311110
67,109,309115 311110 311210 309215 303108 303208
68,110,347110 347210 445207 445107
69,113,309115 311110 311210 309215 303108 303208
70,114,388208 388108
71,115,388208 388108
72,117,315112 315212
73,121,306207 318209 306107 318109
74,123,395106 392104 392204 395206
75,124,392204
76,125,9109 27211 9209 27111
77,126,311210 303208 303108 311110
78,127,318209 318109
79,128,318209 318109
80,129,318209 318109
81,130,303108 318209 303208 318109
82,131,311210 311110
83,132,864106 864104 864204 864206
84,134,313216 311210 313116 311110
85,135,316106
86,136,303108 303208
87,139,318209 318109
88,140,318209 318109
89,141,318209 318109
90,142,355104 371107 371207 388208 388108 357105
91,144,303108 303208
92,145,315112 315212
93,146,315112 315212
94,147,303108 303208
95,148,395106 392104 392204 395206
96,149,395106 392104 392204 395206
97,151,306207 318209 306107 318109
98,152,316106
99,153,309115
100,154,318209 318109
101,155,101103 101102
102,157,335103 334107
103,158,313216 316106 311210 313116 311110
104,160,318209 318109
105,161,303108 303208
106,162,316106 311210 311110
107,164,315112 315212
108,166,311210
109,167,315112
110,168,335103 334107
111,169,335103 334107
112,170,389201 389101
113,171,335103 303108 334107 303208
114,173,306207 318209 306107 318109
115,175,313216 313116
116,176,313216 313116
117,177,9109 9209
118,178,318209 318109
119,179,316106 311210 311110
120,180,313216 303108 303208 313116
121,181,318209 334107 318109 306207 335103 306107
122,182,313216 309115 313116 309215
123,183,315112 316106
124,184,395106 392104 392204 395206
125,185,316106 311210
126,187,1215 215201 1211 1111 215101 1115
127,188,335103 334107
128,189,313216 313116
129,190,323203 318209 325210 315212 323103 323102 318109 325110 325109 325209 323202
130,191,35104 35204
131,192,303108 303208
132,193,313216 313116
133,194,388208 388108
134,195,315112 323203 318209 325210 315212 323103 323102 318109 325110 325109 325209 323202
135,196,323203 325210 323103 323102 325209 325110 325109 323202
136,198,84204 84104
137,199,335103 334107
138,200,313216 303108 303208 313116
139,201,316106
140,202,306207 318209 306107 318109
141,204,335103 334107
142,207,316106 311210 318209 318109
143,209,7212 7112 7211 7210 7111 10204 10104 7110
144,210,20120 30211 50211 110101 923204 20114 5210 929210
145,212,318209 303208 305107 332208 332109 305207 302213 318109 306207 335103 334107 302113 332209 332108 303108 306107
146,213,399201 399101
147,214,303108 303208
148,215,316106 311210 311110
149,216,323203 323103 323102 323202
150,217,309115 318109 318209 309215
151,218,309115 318109 318209 309215
152,219,318209 318109
153,220,335103 334107
154,221,27211 27111
155,222,399201 399101
156,223,335103 334107
157,225,313216 313116
158,226,309115 309215
159,227,395106 392104 392204 395206
160,228,399201 399101
161,229,992109 923104 923204
162,230,318209 318109
163,231,325210 325110 325109 325209
164,232,335103
165,233,303108 303208 313116
166,234,395106 392104 392204 395206
167,236,305207 305107
168,237,323203 323103 323102 323202
169,240,313216 313116
170,241,313216 313116
171,242,335103 334107
172,244,318209 318109
173,245,202106 201103
174,246,399201 399101
175,248,335103 302213 302113
176,249,325210 325110 325109 325209
177,250,302213 302113
178,251,392204 318209 303208 313216 101203 302213 101103 318109 101202 302113 313116 395106 392104 303108 101102 395206
179,252,305207 305107
180,253,332108 332209 332208 332109
181,254,323203 323103 323102 323202
182,257,318209 318109
183,258,399201 399101
184,259,398204 398104
185,260,302213 302113
186,261,325210 302213 325209 325110 302113 325109
187,262,305207 305107
188,263,309115 309215
189,264,399201 399101
190,265,302213 302113
191,266,332108 332209 332208 332109
192,267,325210 302213 325209 325110 302113 325109
193,268,325210 302213 325209 325110 302113 325109
194,269,318209 318109
195,270,318209 101203 302213 101103 318109 101202 302113 101102
196,271,323203 323102 323103 302213 302113 323202
197,273,325210 302213 325209 325110 302113 325109
198,274,325210 302213 325209 325110 302113 325109
199,275,302213 302113
200,276,305207 305107
201,277,318209 101203 302213 101103 318109 101202 302113 101102
202,278,323203 323103 323102 323202
203,279,325210 302213 325209 325110 302113 325109
204,280,325210 325110 325109 325209
205,281,202106 201103
206,282,325210 302213 325209 325110 302113 325109
207,284,325210 302213 325209 325110 302113 325109
208,285,309115 325210 302213 325209 309215 325110 325109 302113
209,286,325210 302213 325209 325110 302113 325109
210,288,399201 399101
211,289,325210 302213 325209 325110 302113 325109
212,292,325210 302213 325209 325110 302113 325109
213,293,323203 323103 323102 323202
214,294,101203 302213 101103 101202 302113 101102
215,295,388208 388108
216,297,323102 323202
217,298,309115 325210 302213 323102 325209 309215 325110 325109 323202 302113
218,300,309115 323102 302113 323202 309215
219,301,332108 332209 332208 332109
220,302,323203 323103 323102 323202
221,303,302213 302113
222,304,101203 302213 101103 101202 302113 101102
223,305,305207 305107
224,306,309115 309215
225,307,399201 399101
226,308,101203 302213 101103 101202 302113 101102
227,309,305207 332108 305107 332208
228,310,323102 323202
229,311,309115 309215
230,315,323102 323202
231,317,325210 325110 325109 325209
232,318,332108 332209 332208 332109
233,319,305207 305107
234,320,323102 323202
235,321,311210 311110
236,323,325109 325209
237,324,332108 332208
238,327,309115 309215
239,329,332108 332209 332208 332109
240,331,332108 332208
241,333,325210 325110 325109 325209
242,334,325110 325210
243,336,962104 962204
244,337,398204 398104
245,338,325210 101203 101103 325209 101202 325110 325109 101102
246,339,332108 332209 332208 332109
247,343,325110 325210
248,344,359105 358106
249,345,305207 305107
250,347,332108 332208
251,348,325110 325210
252,349,359105 358106
253,351,359105 358106
254,353,444103 444203
255,354,359105 358106
256,355,359105 358106
257,356,30211 30111
258,357,325110 325210
259,362,359105 358106
260,363,332108 332208
261,364,309115 309215
262,365,359105 358106
263,366,101202 101203 101102 101103
264,367,325110 325210
265,369,359105 358106
266,370,304108 304109 305107 305207 304107 304208 304209 304207
267,372,309115 309215
268,373,359105 358106
269,374,332108 332208
270,375,304108 304109 305107 305207 304107 304208 304209 304207
271,377,309115 309215
272,380,357105 355104
273,382,309115 309215
274,383,30211 30111
275,384,101202 101203 101102 101103
276,385,388208 388108
277,386,359105 358106
278,388,332108 332208
279,389,304108 304109 347210 305107 347110 305207 304107 304208 304209 445207 304207 445107
280,390,309115 309215
281,391,305207 305107
282,393,399201 399101
283,394,359105 358106
284,395,354206 354106
285,396,304108 304109 304107 304208 304209 304207
286,398,872103 871102
287,399,332108 332208
288,401,359105 358106
289,402,357105 355104
290,403,305207 305107
291,404,357105 388208 355104 388108
292,405,305207 305107
293,408,309115 309215
294,409,332108 332208
295,411,354206 354106
296,412,305207 305107
297,413,357105 355104
298,414,347110 347210 445207 445107
299,415,359105 358106
300,416,359105 356103 358106
301,417,354206 354106
302,419,399201 399101
303,420,332108 332208
304,421,332108 332208
305,423,305207 305107
306,424,353207 305207 305107 353107
307,426,354206 354106 351106 352108
308,427,332108 332208
309,428,304108 304109 304107 304208 304209 304207
310,429,444103 444203
311,430,354206 388208 355104 388108 357105 354106
312,431,444103 444203
313,433,354206 354106
314,437,357105 355104 358106 359105
315,439,359105 356103 358106
316,441,332108 332208
317,443,815101 816202 816102 815201
318,445,347110 347210 445207 445107
319,446,309115 309215
320,447,353207 353107
321,449,332108 332208
322,450,354206 355104 351106 388208 352108 388108 357105 354106
323,451,351106 352108
324,453,309115 444203 444103 309215
325,455,446102 446202
326,456,305207 305107
327,457,356103
328,458,347110 347210
329,459,356103
330,462,332108 332208
331,463,399201 399101
332,464,309115 444203 444103 309215
333,465,354106
334,466,101202 101203 101102 101103
335,467,445207 445107
336,468,351106 352108
337,469,309115 444203 444103 309215
338,470,347110 347210 445207 445107
339,471,204101
340,472,357105 388208 355104 388108
341,473,357105 355104 358106 359105
342,474,445207 445107
343,476,445207 445107
344,477,309115 444203 444103 309215
345,478,351106 352108
346,479,446102 446202
347,480,354206 354106
348,481,354206
349,483,356103
350,484,445207 445107
351,485,304108 304109 445207 304107 304208 304209 304207 445107
352,486,445207 445107
353,487,446102 446202
354,488,446102 446202
355,490,351106 352108
356,491,445207 445107
357,493,445207 445107
358,494,445207 445107
359,496,309115 445107 445207 309215
360,497,351106 352108
361,498,399201 399101
362,499,101202 101203 101103 101102
363,500,354206 355104 358106 359105 357105 354106
364,501,355104 371107 371207 388208 388108 357105
365,502,356103
366,506,354206 354106 356103
367,509,351106 352108
368,510,351106 352108
369,511,347110 347210
370,512,350103 388208 353107 371207 350203 355104
371,514,305207 305107
372,516,356103 389201 305207 389101 305107
373,517,304108 304109 304107 304208 304209 304207
374,518,350103 350203
375,519,446102 446202
376,520,371207 351106 352108 371107
377,521,355104 351106 359105 352108 357105 358106
378,523,309115 445107 445207 309215
379,524,356103 305207 305107
380,525,933104 934104
381,526,354206 354106
382,527,444103 445207 444203 445107
383,528,350103 350203
384,530,446102 446202
385,531,933104 934104
386,534,444103 445207 444203 445107
387,536,356103 354106
388,538,305207 305107
389,539,444203 445207 446202 444103 446102 445107
390,540,388208 351106 353107 371207 355104 352108
391,541,353207 353107
392,542,444203 445207 446202 444103 446102 445107
393,544,357105 388108 353207 371107
394,545,371207 371107
395,548,101103 101102
396,549,351106 352108
397,550,933104 934104
398,553,445207 445107
399,554,445207 445107
400,555,309115 309215
401,556,350103 351106 371107 359105 356103 353207 388108 357105 354106 358106
402,558,309115 445107 445207 309215
403,562,359105 371207 350203 353207 308105 351106 350103 354106 353107 288201 389201 235201 358106 371107 235101 354206 288101 355104 308205 352108 357105 388208 389101 305107 305207 356103 388108
404,563,444203 445207 446202 444103 446102 445107
405,564,399201 399101
406,566,288101 353107 235101 308205 353207 308105
407,570,350103 350203
408,572,371207 371107
409,573,309115 309215
410,579,308105 308205 353207 353107
411,580,350103 350203
412,582,353207 353107
413,584,444203 445207 446202 444103 446102 445107
414,590,308105 308205
415,593,353207 353107
416,595,8106 8206
417,596,120112 1111 11210 3101 11110 120116 10204 1115
418,597,371207 371107
419,598,304108 304109 304107 304208 304209 304207
420,604,350103 350203
421,608,309115 309215
422,610,101202 101203 101103 101102
423,612,308105 308205
424,621,371207 371107
425,622,308105 308205
426,623,371207 371107
427,625,309115 309215
428,627,350103 350203
429,630,371207 371107
430,631,101103 101102
431,635,388208 388108
432,636,309115 309215
433,637,350103 350203
434,638,371207 371107
435,639,101202 101203 101103 101102
436,641,304108 304109 304107 304208 304209 304207
437,643,309115 309215
438,644,304109 304209
439,645,350103 350203
440,646,304108 304109 304107 304208 304209 304207
441,647,101202 101203 101103 101102
442,650,309115 309215
443,652,288101 288201 992109 215201 235201 235101 290201 923204 290101 215101 923104
444,655,350103 288101 288201 235201 235101 350203
445,658,350103 350203
446,659,304207 304107
447,660,304108 304109 304107 304208 304209 304207
448,662,304108 309115 304107 309215 304208 304207
449,663,304207 304107
450,664,101202 101203 101103 101102
451,665,304109 304209
452,667,101202 101203 101103 101102
453,668,304108 309115 304208 309215
454,671,304207 304107
455,673,101202 101203 101103 101102
456,676,371207 371107
457,678,304108 309115 304208 309215
458,679,309115 101203 101103 304107 101202 309215 304207 101102
459,682,309115 309215
460,683,709104 709110 709114 709118 709204 709210 709214 709218
461,684,309115 309215
462,686,398204 398104
463,687,235201 235101 290201 237101 944201 237201 290101 944101
464,688,304108 309115 304109 309215 304208 304209
465,689,304108 309115 304208 101203 304109 101103 304107 101202 309215 304209 304207 101102
466,690,309115 309215
467,692,304109 304209
468,693,304109 304209
469,697,304109 304209
470,699,304109 304209
471,700,304108 304109 304209 304208
472,701,101202 101203 101103 101102
473,707,304108 304109 304209 304208
474,708,304109 304209
475,709,304108 304109 304209 304208
476,710,304108 304109 304209 304208
477,713,304108 304109 304209 304208
478,714,371207 371107
479,717,371207 371107
480,720,945201 945101
481,721,308105 308205
482,723,945201 945101
483,725,945201 945101
484,727,308105 308205
485,731,944101 944201
486,732,945201 945101
487,738,945201 945101
488,739,7210 7211 7110 7111
489,740,101202 101203 101103 101102
490,742,945102 945202
491,743,945202 945102 945201 945101
492,744,945102 945202
493,745,945102 945202
494,747,20120 945201 235201 235101 290201 237101 20220 237201 290101 945101
495,748,150119 201103 237103 101203 30211 202106 101103 150220 101202 276204 237101 30111 150120 150219 276104 101102
496,752,20220 20120
497,753,101202 101203 101103 101102
498,754,20220 20120
499,758,945202 945102 945201 945101
500,760,945102 945202
501,761,20220 20120
502,764,101202 101203 101103 101102
503,765,308105 308205
504,766,357105 388208 355104 388108
505,767,20220 20120
506,768,945102 945202
507,769,20220 20120
508,770,101202 101203 101103 101102
509,771,945202 945102 945201 945101
510,773,308105 308205
511,774,308105 308205
512,775,308105 308205
513,776,308105 308205
514,777,398204 398104
515,778,399201 399101
516,779,101203 101103 101202 308205 308105 101102
517,780,20220 20120
518,781,945202 945102 945201 945101
519,782,101203 101103 101202 308205 308105 101102
520,783,901204 901104
521,784,20220 20120
522,786,308105 308205
523,788,308105 308205
524,789,945102 945202
525,790,308105 308205
526,791,945202 945102 945201 945101
527,792,20220 20120
528,793,308105 308205
529,794,101202 101203 101103 101102
530,795,308105 308205
531,796,355104 371107 371207 353107 388208 353207 388108 357105
532,798,20220 20120
533,799,945102 945202
534,800,945102 945202
535,801,945102 945202
536,803,945102 945202
537,804,20220 20120
538,808,945102 945202
539,809,945202 945102 945201 945101
540,812,945102 945202
541,813,945202 945102 945201 945101
542,814,101202 101203 101103 101102
543,815,20220 20120
544,819,945202 945102 945201 945101
545,820,907102 906104
546,821,945202 945102 945201 945101
547,823,20220 20120
548,824,992109
549,827,101202 101203 101102 101103
550,828,20220 20120
551,829,20220 20120
552,830,945202 945102 945201 945101
553,831,31112 110201 237203 237103 20120 110101 921117 921217 237101 964204 20220 237201 31212 964104
554,832,945202 945102 945201 945101
555,834,20220 20120
556,835,945201 944201 945202 945101 945102 944101
557,836,945201 944201 945202 945101 945102 944101
558,837,945201 944201 945202 945101 945102 944101
559,838,944101 944201
560,839,945201 944201 945202 945101 945102 944101
561,840,944101 944201
562,841,944101 944201
563,842,944101 944201
564,844,944101 944201
565,845,101202 101203 101102 101103
566,849,905118 905218
567,850,20220 20120
568,851,945201 944201 945202 945101 945102 944101
569,852,944101 944201
570,853,332108 332208
571,856,101202 101203 101102 101103
572,859,944101 944201
573,860,944101 944201
574,864,311210 311110
575,880,101202 101203 101102 101103
576,884,964104 964204
577,885,964104 964204
578,890,964104 964204
579,891,964104 964204 20220 20120
580,893,964104 964204 20220 20120
581,894,964104 964204
582,895,110201 237203 237103 110101 921117 921217 237101 237201
583,896,110201 237203 237103 110101 921117 921217 237101 237201
584,897,1111 11210 215201 1211 1215 11110 215101 1115
585,898,110201 237203 237103 110101 921117 921217 237101 964204 237201 964104
586,899,110201 237203 237103 110101 921117 921217 237101 237201
587,901,964104 964204
588,902,31112 110201 20120 237203 237103 235201 235101 110101 921117 921217 237101 964204 20220 237201 31212 964104
589,903,101202 101203 101102 101103
590,904,110201 237203 237103 110101 921117 921217 237101 237201
591,905,110201 237203 237103 110101 921117 921217 237101 237201
592,906,110201 237203 237103 110101 921117 921217 237101 237201
593,907,972103
594,908,101202 101203 101102 101103
595,910,237203 237103 921117 921217 237101 237201
596,911,110201 110101
597,912,964104 964204
598,913,964104 964204
599,914,964104 964204
600,915,31112 20120 20220 964204 31212 964104
601,916,978103
602,918,972103
603,920,972103
604,921,972103
605,922,964104 964204
606,924,398204 398104
607,926,31212 31112 20220 20120
608,927,978103
609,928,972103
610,929,921217 972103 921117
611,930,13209 11210 13109 3101 11217 3201 11110 11111
612,932,921217 972103 921117
613,934,972103
614,936,921217 972103 921117
615,937,237203 237103 973103 921117 921217 237101 237201
616,940,972103
617,941,101202 978103 101203 101102 101103
618,942,31212 31112 20220 20120
619,943,921217 972103 921117
620,944,964104 964204
621,945,972103
622,948,973103
623,949,30211 30111
624,951,237103 237101 973103 237201 237203
625,952,978103
626,953,964104 964204
627,955,921217 972103 921117
628,957,101202 978103 101203 101103 101102
629,958,20220 20120
630,959,31212 31112 20220 20120
631,960,31212 31112
632,963,237203 237103 921117 921217 237101 237201
633,964,237203 237103 973103 921117 921217 237101 237201
634,966,973103
635,969,973103
636,971,978103
637,974,325210 302213 325209 325110 302113 325109
638,975,978103
639,977,973103
640,978,973103
641,982,101202 101203 101103 101102
642,983,31212 31112
643,984,276204 276104
644,987,973103
645,989,979102
646,990,276204 276104
647,992,30211 30111
648,994,979102
649,996,44106 44205 44206 44105
650,998,31212 31112
651,1000,101202 101203 101103 101102
652,1001,31212 31112
653,1002,276204 276104
654,1003,815101 874105 875105 815201
655,1004,276204 276104
656,1006,31212 31112
657,1009,41211 41108 101202 921117 201103 202106 30211 101103 150219 150119 41111 237203 150120 276104 41208 276204 237201 101102 921217 237103 101203 150220 237101 30111
658,1011,31212 31112
659,1012,150219 10104 30211
660,1013,6110 1215 215201 6210 1211 1111 215101 1115
661,1014,10204 150119 30111
662,1015,979102
663,1016,815101 815201
664,1017,31212 31112
665,1018,31212 31112
666,1020,30211 30111
667,1021,30211 30111
668,1023,11210 11217
669,1024,150119 201103 202106 150220 150120 150219
670,1025,31212 31112
671,1028,101203 30211 101103 101202 30111 101102
672,1029,31212 979102 31112 204101
673,1032,901204 933104 934104
674,1033,7212 7112 7211 215201 7210 7111 215101 7110
675,1034,101203 101103 101202 276204 276104 101102
676,1035,150119 60108 31112 202106 41111 105204 101203 41108 30211 50211 101103 41208 150219 50111 30111 41211 31212 60208 105104 204101 201103
677,1037,204101
678,1038,237201 921217 150119 41111 237203 237103 101203 41108 30211 101103 41208 101202 237101 30111 41211 150219 921117 101102
679,1039,30211 30111
680,1040,202106 201103
681,1041,237201 150119 41111 237203 237103 101203 41108 30211 101103 41208 921217 237101 30111 41211 150219 921117 101102
682,1042,30211 30111
683,1043,30211 30111
684,1047,202106 201103
685,1048,30211 30111
686,1049,204101
687,1050,101202 202106 201103
688,1052,704207 704107
689,1053,202106 201103
690,1054,963203 962104 963103 962204
691,1058,204101
692,1059,3201 120216 120212
693,1062,204101
694,1063,832103
695,1064,832103
696,1065,41111 105204 105104 41108 50211 41208 50111 41211
697,1067,388208 388108
698,1068,150219 150119 150120 150220
699,1070,323203 323103 323102 323202
700,1072,832103
701,1074,202106 201103
702,1076,848203 848103
703,1077,41111 105204 105104 41108 50211 41208 50111 41211
704,1078,392104 392204
705,1081,30211 30111
706,1086,30211 27211 30111 8206 27111
707,1089,832103
708,1090,832103
709,1093,30211 30111
710,1094,8206 8106 9209 27211 27111 9109
711,1095,923204 30211 30111 288101 290101
712,1096,848203 848103
713,1097,41111 105204 105104 41108 50211 41208 50111 41211
714,1100,848203 848103
715,1101,864104 864204
716,1102,832103
717,1103,832103
718,1107,864104 864204
719,1108,105104 105204
720,1110,105104 105204
721,1114,832103
722,1115,834105
723,1116,848203 848103
724,1117,41111 41108 50211 41208 50111 41211
725,1119,30211 30111
726,1121,834105
727,1122,864104 864204
728,1123,834105
729,1125,101202 101203 101102 101103
730,1126,105104 105204
731,1127,832103
732,1128,30211 30111
733,1129,864104 864204
734,1132,41111 41108 50211 41208 50111 41211
735,1133,848203 848103
736,1134,834105
737,1135,864104 864204
738,1137,101202 101102
739,1138,834105
740,1139,832103
741,1140,864104 864204
742,1141,834105
743,1142,8106 8206
744,1143,833203 870105 833205 870205 834105 833103 833105 832103
745,1144,834105
746,1145,530113 530213
747,1147,834105
748,1150,445207 445107
749,1151,30211 30111
750,1155,864104 864204
751,1156,864104 864204
752,1157,41111 41108 50211 41208 50111 41211
753,1159,870205 870105
754,1160,870205 870105 834105
755,1162,870205 870105 20220 20120
756,1163,848203 848103
757,1164,833203 833105 833103 833205 832103
758,1165,833203 833105 833103 833205 832103
759,1167,834105
760,1169,864104 864204
761,1170,834105
762,1171,864104 864204
763,1172,44206 41111 41108 50211 41208 50111 41211 44106
764,1173,44106 44206
765,1175,44106 44206
766,1176,834105
767,1177,6210 6110
768,1178,44106 50111 44206 50211
769,1179,864104 864204
770,1181,2114 2214
771,1182,834105
772,1183,834105
773,1184,30211 30111
774,1185,27211 27111
775,1186,60108 44206 60208 27211 27111 44106
776,1187,35104 35204
777,1188,44106 60108 44206 60208
778,1190,864104 864204
779,1191,25212 235201 235101 25112
780,1192,25212 25112
781,1193,105104 105204
782,1194,120216 25112 870105 20120 928204 120116 235201 235101 870205 20220 20214 20114 27211 928104 27111 25212
783,1195,928104 870105 20120 235201 235101 870205 20220 928204 25112 25212
784,1196,928104 870105 20120 235201 235101 870205 20220 928204 25112 25212
785,1197,834105
786,1199,335103 334107
787,1201,864106 864104 864204 864206
788,1202,834105
789,1204,870105 20120 120116 870205 20220 20114 27211
790,1205,833105 833103 833205 833203
791,1206,848203 848103
792,1207,834105
793,1208,105104 105204
794,1210,204101
795,1211,25212 25112
796,1212,30211 30111
797,1214,44206 105204 105104 50211 50111 44106
798,1216,353207 353107
799,1218,41108 41111 41211 41208
800,1219,25212 25112
801,1222,150219 11210 30211 50211 11217
802,1223,530113 530213
803,1224,120216 870105 20120 120116 870205 20220 20214 20114
804,1225,928104 928204
805,1231,833105 833103 833205 833203
806,1232,833105 833103 833205 833203
807,1234,41108 41111 41211 41208
808,1235,25212 25112
809,1238,60208 235101
810,1242,50111 105104 50211 105204
811,1243,833105 833103 833205 833203
812,1244,60108 870105 928104 870205 928204 60208
813,1246,864106 864104 864204 864206
814,1247,60108 44206 60208 27211 27111 44106
815,1248,60108 60208 120116 120216
816,1249,60108 120216 870105 20120 120116 870205 20220 20214 60208 20114
817,1250,60108 60208 870205 870105
818,1252,25212 25112
819,1253,27211 27111
820,1254,27211 27111
821,1255,41111 41211 41108 41208 27211 27111
822,1256,848203 848103
823,1257,870205 870105
824,1259,50111 105104 50211 105204
825,1261,353207 353107
826,1262,833105 833103 833205 833203
827,1265,44106 44206
828,1266,928104 870205 870105 928204
829,1267,30211 30111
830,1268,864106 864104 864204 864206
831,1270,25212 25112
832,1273,833105 833103 833205 833203
833,1274,41108 41208
834,1276,371207 371107
835,1277,44106 120116 44206 120216
836,1278,30211 30111
837,1279,928104 870205 870105 928204
838,1280,105204 105104 50211 50111 27211 27111
839,1281,848203 848103
840,1285,864106 864104 864204 864206
841,1288,120116 25212 120216 25112
842,1289,25212 928104 25112 928204
843,1290,25212 25112
844,1291,347110 347210
845,1293,25212 25112
846,1294,353207 353107
847,1295,30111
848,1297,30211 30111
849,1298,928104 870105 870205 928204 870215 25112 870115 25212
850,1299,27211 27111
851,1300,25212 928104 25112 928204
852,1301,44106 44206
853,1302,44106 44206
854,1303,870205 870105
855,1305,27211 27111
856,1306,115108 115208 870105 870205
857,1307,833203 874105 833205 871102 875105 833103 833105 848203 872103 848103
858,1308,872103 848103 874105 848203 871102 875105
859,1309,848203 848103 875105 874105
860,1310,848203 848103 875105 874105
861,1311,864106 864104 874105 864204 848103 864206 848203 875105
862,1313,864106 864104 864206 864204 874105 815101 875105
863,1316,864106 864104 874105 815201 864204 864206 815101 875105
864,1319,50111 105104 50211 105204
865,1322,41108 41208
866,1325,833203 874105 833205 871102 875105 833103 833105 848203 872103 848103
867,1326,44106 44206 44105
868,1327,928104 928204
869,1328,120116 25212 120216 25112
870,1329,25212 928104 25112 928204
871,1333,60208 235101
872,1334,833203 833103 875105 874105
873,1335,50111 105104 50211 105204
874,1336,530113 530213
875,1337,115108 115208
876,1338,1111 120116 1115 3101 120112
877,1339,115108 115208 870105 870205
878,1340,120212 120216 1111 3201 1211 1215 1115
879,1342,928104 928204
880,1343,928104 928204
881,1344,815101 874105 875105 815201
882,1346,202106 201103
883,1348,115108 854207 115208 854107
884,1351,928104 928204
885,1352,27211 27111
886,1353,44106 44205 44206 44105
887,1355,115108 115208
888,1356,35104 35204
889,1357,115108 115208
890,1358,115108 115208
891,1359,9109 27211 9209 27111
892,1363,30211 30111
893,1364,864106 864104 864204 864206
894,1365,864106 864104 872103 864204 871102 864206
895,1366,44106 44205 44206 44105
896,1367,9109 27211 9209 27111
897,1368,833203 874105 833205 864106 864104 864206 864204 875105 833103 833105 848203 872103 871102 848103
898,1369,864106 864104 864204 864206
899,1370,864106 864104 864204 864206
900,1371,864106 864104 815201 864204 864206 815101
901,1372,115108 854207 115208 854107
902,1374,875105 874105
903,1375,30211 30111 9209 9109
904,1376,347110 347210
905,1379,50111 105104 50211 105204
906,1380,30211 30111
907,1381,10104 3201 83202 83102
908,1382,115108 115208
909,1383,14206 14106
910,1384,30211 30111 8206 8106
911,1386,30211 30111
912,1388,115108 115208
913,1389,115108 854207 115208 854107
914,1390,875105 874105
915,1392,120116 25212 120216 25112
916,1393,50111 105104 50211 105204
917,1394,9109 9209
918,1395,115108 115208
919,1397,815101 816202 816102 815201
920,1398,25212 41108 25112 41208
921,1399,833203 816202 870105 115108 833103 115208 815101 872103 871102 875105 864106 848103 816102 833205 864206 864204 833105 864104 870205 815201 874105 848203
922,1400,833203 874105 816202 833205 864106 864104 864206 864204 815201 875105 833103 848103 848203 815101 833105 872103 871102 816102
923,1402,816202 871102 815201 872103 815101 816102
924,1403,815101 816202 816102 815201
925,1404,815101 816202 816102 815201
926,1405,815101 816202 816102 815201
927,1406,115108 14206 14106 115208
928,1408,816202 871102 815201 872103 815101 816102
929,1409,14206 13109 14106 13209
930,1410,14206 14106
931,1411,14206 14106
932,1412,115108 854207 115208 854107
933,1413,8106 8206
934,1414,44205 120216 25112 120116 41108 41208 44206 44105 44106 25212
935,1416,875105 874105
936,1417,875105 816202 816102 874105
937,1418,50111 50211
938,1419,520112 530113 520212 530213
939,1420,351106 352108
940,1423,833203 816202 870105 870215 115108 833103 115208 815101 870115 871102 875105 874105 864106 848103 816102 833205 872103 864204 833105 864104 870205 815201 864206 848203
941,1424,928104 928204
942,1425,13109 13209
943,1426,9109 9209
944,1427,25212 25112
945,1428,14206 14106
946,1429,854207 854107
947,1430,105104 105204
948,1432,44206 120216 120116 44205 44105 44106
949,1433,874105 870215 871102 872103 870115 875105
950,1434,872103 875105 874105 871102
951,1435,872103 875105 874105 871102
952,1436,875105 874105
953,1437,875105 874105
954,1438,875105 874105
955,1439,875105 874105
956,1440,875105 816202 816102 874105
957,1441,14206 14106
958,1442,13109 13209
959,1443,520112 530113 520212 530213
960,1444,41211 41108 979102 201103 31112 30211 101103 150219 150119 41111 237203 202106 41208 31212 237201 204101 60108 921217 60208 237103 101203 921117 237101 30111
961,1445,105104 105204
962,1446,854207 854107
963,1447,105104 105204
964,1449,14206 13109 14106 13209 18102
965,1450,8106 8206
966,1451,115108 14206 14106 115208
967,1452,105104 105204
968,1455,120116 25212 120216 25112
969,1456,816202 816102
970,1457,44106 44205 44206 44105
971,1458,13209
972,1459,854207 854111 1215 854107 854211 1115
973,1460,530113 530213
974,1461,530113 530213
975,1462,520112 530113 520212 530213
976,1464,14206 14106
977,1465,854207 14206 14106 854107
978,1466,530113 530213
979,1468,872103 871102
980,1469,872103 871102
981,1473,14206 14106
982,1475,1215 1115
983,1476,530113 530213
984,1477,928104 928204
985,1478,18102
986,1479,18102
987,1482,928104 928204
988,1483,530113 530213
989,1484,18102
990,1485,18102
991,1487,115108 14206 14106 115208
992,1488,9109 9209
993,1490,105104 105204
994,1491,14206 14106
995,1492,18102
996,1494,44106 44205 44206 44105
997,1495,854207 854107
998,1496,955202 917104 916103 955102 917103 916102
999,1497,530113 530213
1000,1498,8106 8206
1001,1499,928104 928204
1002,1500,530113 530213
1003,1502,1215 1115
1004,1504,8106 8206
1005,1505,18102 6210 6110
1006,1506,1111 14106 1211 14206
1007,1507,530113 530213
1008,1511,6210 6110
1009,1512,60108 44206 60208 27211 27111 44106
1010,1513,923104 50111 30111 923204
1011,1514,530113 530213
1012,1515,105104 105204
1013,1516,11110 11210 955102 955202
1014,1517,955102 11210 856103 115108 955202 936103 115208 11110 215201
1015,1518,6210 6110
1016,1519,120216 928204 928104 20120 120116 41108 20220 41208 20114 25112 20214 25212
1017,1520,14206 14106
1018,1521,11110 11210 955102 955202
1019,1522,963203 961104 961204 705204 961203 963103 705106 961103 705104 705206
1020,1523,9109 9209
1021,1524,6210 6110
1022,1525,1215 1115
1023,1527,1215 1211 1111 14206 14106 1115
1024,1529,1215 1211 1111 14206 14106 1115
1025,1530,1215 1115
1026,1531,2114 6210 2214 6110
1027,1532,1215 1115
1028,1533,1215 1115
1029,1534,18102 6210 6110
1030,1535,6210 6110
1031,1539,856203 215201 856103 936103 215101 936203
1032,1540,105104 105204
1033,1541,8106 8206
1034,1542,6210 6110
1035,1543,1215 1111 1115 1211
1036,1544,44106 44205 44206 44105
1037,1545,120212 120216 6110 20120 120112 928204 120116 41108 6210 928104 20220 41208 20114 25112 20214 25212 88101
1038,1546,1215 1115 7111 7211
1039,1547,1215 1115 7111 7211
1040,1551,11110 11210 13209 13109
1041,1553,520112 520212
1042,1554,1215 1115 7111 7211
1043,1556,530113 530213
1044,1558,11110 11210
1045,1559,11110 11210
1046,1561,1215 1111 1115 1211
1047,1562,11110 11210
1048,1563,11110 11210
1049,1565,11110 2114 11210 2214
1050,1566,955102 955202
1051,1567,11110 11210
1052,1570,955202 11210 11217 955102 11110 11111
1053,1571,901204 901104 904101 904201
1054,1572,901204 901104 904101 904201
1055,1574,88101 120116 20120 20114 120112
1056,1575,816202 816102
1057,1576,88101
1058,1579,7211 7111
1059,1580,88101
1060,1581,1215 215201 1211 1111 215101 1115
1061,1582,11110 11210
1062,1583,1215 215201 1211 1111 215101 1115
1063,1584,955102 1215 215201 955202 1211 1111 215101 1115
1064,1585,7211 7111
1065,1586,1215 215201 1211 1111 215101 1115
1066,1587,855204 855104 851102 851202
1067,1588,1215 215201 1211 1111 215101 1115
1068,1589,83202 83102
1069,1590,520112 520212
1070,1591,83202 83102
1071,1592,1215 215201 1211 1111 215101 1115
1072,1593,150119 35104 28203 8106 8206 30211 9209 150220 150219 30111 150120 9109 10204 10104 28103 35204
1073,1595,530113 530213
1074,1596,35104 8206 8106 9209 9109 35204
1075,1597,7212 7112 7211 215201 7210 7111 215101 7110
1076,1598,44206 105204 105104 44205 44105 44106 88101
1077,1599,6110 1215 215201 6210 1211 1111 215101 1115
1078,1600,110201 288201 7211 215201 20220 20214 7210 290201 7212 929210 5110 929110
1079,1601,2214 6110 1215 215201 6210 2114 1211 1111 215101 1115
1080,1602,1215 215201 1211 1111 215101 1115
1081,1603,1215 215201 1211 1111 215101 1115
1082,1604,1215 215201 1211 1111 215101 1115
1083,1605,1215 215201 1211 1111 215101 1115
1084,1606,1215 215201 1211 1111 215101 1115
1085,1607,1215 215201 1211 1111 215101 1115
1086,1608,60108 235201
1087,1611,1215 215201 1211 1111 215101 1115
1088,1612,13209 1215 215201 13109 1211 1111 215101 1115
1089,1614,7210 7211 7110 7111
1090,1615,8106 8206 9209 9109
1091,1617,7211 7111
1092,1618,955102 955202
1093,1619,7210 7211 7110 7111
1094,1620,854207 854111 115208 854107 115108 854211
1095,1621,992109 923104 923204
1096,1623,8106 8206 9209 9109
1097,1627,944101
1098,1628,35104 35204
1099,1630,83202 83102
1100,1631,35104 35204
1101,1632,1111 11210 215201 1211 1215 11110 215101 1115
1102,1633,856203 7211 856103 7210 936103 7111 10204 10104 7110 936203
1103,1634,855204 855104
1104,1636,923104 35104 923204 35204
1105,1637,923104 35104 923204 35204
1106,1638,7211 7210 7111 10204 10104 7110
1107,1640,855204 855104
1108,1643,35104 28203 28103 35204
1109,1644,10204 10104
1110,1645,389201 389101
1111,1646,10204 10104 83202 83102
1112,1647,10104 3201 83202 83102 3101
1113,1648,10204 10104 83202 83102
1114,1650,923204 923104
1115,1651,7212 7112 7211 7210 7111 10204 10104 7110
1116,1652,7212 7112 7211 7210 7111 10204 10104 7110
1117,1653,7212 7112 7211 965106 7210 7111 10204 10104 7110
1118,1658,7212 7211 965106 7210 7111 10204 10104 7110
1119,1660,13209 7212 7211 965106 7210 13109 7111 10204 10104 7110
1120,1661,351106 352108
1121,1662,7212 7211 7210 7111 10204 10104 7110
1122,1663,7212 7211 7210 7111 10204 10104 7110
1123,1664,7212 7211 7210 7111 10204 10104 7110
1124,1665,7212 7112 7211 7210 7111 10204 10104 7110
1125,1666,7111 7211 7210 7212 10204 10104 7110
1126,1667,816202 816102
1127,1668,1111 11210 11110 1211 1215 10204 10104 1115
1128,1669,530113 530213
1129,1670,120212 120216 1111 11210 11110 1211 1215 10204 10104 1115
1130,1672,7212 7211 7112 1111 11210 7210 11110 215201 1211 7111 1215 10204 10104 215101 7110 1115
1131,1673,7211 7210 7111 10204 10104 7110
1132,1674,7212 7112 7211 7210 7111 10204 10104 7110
1133,1675,7212 7112 7211 7210 7111 10204 10104 7110
1134,1676,120212 120216 120112 1111 11210 83202 83102 11110 3201 120116 1211 1215 10204 10104 1115
1135,1678,7212 7112 7211 215201 7210 7111 215101 7110
1136,1680,7212 2214 6110 7211 6210 7210 2114 7111 10204 10104 7110 7112
1137,1681,7212 7112 7211 7210 7111 10204 10104 7110
1138,1682,955102 7111 7211 7210 955202 7212 10204 10104 7110
1139,1685,28203 28103
1140,1686,150119 30211 150219 30111 10204 10104
1141,1687,923104 35104 923204 35204
1142,1688,28203
1143,1689,855204 855104
1144,1690,856203 856103
1145,1691,855204 855104
1146,1692,855204 855104
1147,1694,965106
1148,1695,13109 965106 13209
1149,1698,965106
1150,1702,917104 856203 916103 856103 936103 917103 916102 936203
1151,1703,120116 3101 120112
1152,1704,28203 28103
1153,1705,856203 856103
1154,1707,923204 923104
1155,1712,916103 916102 917104 917103
1156,1713,917104 856203 916103 856103 936103 917103 916102 936203
1157,1714,851102 851202
1158,1715,923204 923104
1159,1717,916103 916102 917104 917103
1160,1718,955202 917104 916103 955102 917103 916102
1161,1719,856203 856103
1162,1720,856203 816202 816102 856103
1163,1721,520112 520212
1164,1722,83202 83102
1165,1723,855204 855104
1166,1725,856203 936103 936203 856103
1167,1726,856203 936103 936203 856103
1168,1728,856203 856103 936103 917103 916102 936203
1169,1729,530113 530213
1170,1730,13109 965106 13209
1171,1731,2114 2214
1172,1732,35104 35204
1173,1733,10204 10104
1174,1735,936103 936203
1175,1736,2114 2214
1176,1737,11110 11210
1177,1738,120116 3101 120112
1178,1739,3201 120216 120212
1179,1741,923204 923104
1180,1742,965106
1181,1744,856203 856103 936103 917103 916102 936203
1182,1747,917104 856203 916103 856103 936103 917103 916102 936203
1183,1748,60108 235201
1184,1749,35104 35204
1185,1750,856203 816202 816102 856103
1186,1751,44106 44205 44206 44105
1187,1753,856203 856103
1188,1754,13109 965106 13209
1189,1756,851102 851202
1190,1757,923204 923104
1191,1760,2114 2214
1192,1761,83202 83102
1193,1762,955202 917104 916103 955102 917103 916102
1194,1764,398204 398104
1195,1767,965106
1196,1768,856203 856103
1197,1769,3201 120216 120212
1198,1770,120116 3101 120112
1199,1771,11110 11210
1200,1772,83202
1201,1773,965106
1202,1774,855204 855104
1203,1775,7212 7112 7211 215201 7210 7111 215101 7110
1204,1776,28203 28103
1205,1778,923204 923104
1206,1779,936103 936203
1207,1780,530113 530213
1208,1781,2214 7211 235201 7210 110101 215101 992109 30211 290201 923204 7111 2114 288101 288201 901104 215201 235101 7212 7110 923104 110201 7112 901204 50211 50111 30111 290101
1209,1783,855204
1210,1784,965106
1211,1786,992109
1212,1787,11110 11210
1213,1788,120116 3101 120112
1214,1789,3201 120216 120212
1215,1790,44206 105204 105104 44205 44105 44106 88101
1216,1793,83202 83102
1217,1794,916102 917103
1218,1795,851102 851202
1219,1798,955202 917104 916103 955102 917103 916102
1220,1799,855204 855104
1221,1801,399201 399101
1222,1802,2114 2214
1223,1805,855204 856203 855104 856103
1224,1806,923204 923104 28203 28103
1225,1807,13109 965106 13209
1226,1808,11110 11210
1227,1809,936103 936203
1228,1810,992109 923104 923204
1229,1814,83202
1230,1815,923204 923104
1231,1817,965106
1232,1818,916102 917103
1233,1820,83202
1234,1823,955202 917104 916103 955102 917103 916102
1235,1824,992109 923104 923204
1236,1825,83102
1237,1826,3201 120216 120212
1238,1827,290101 288101 290201 288201
1239,1828,83202
1240,1829,856203 855104 856103
1241,1830,44106 44205 44206 44105
1242,1831,150219 11210 30211 50211
1243,1832,11110
1244,1833,50111 50211
1245,1834,856203 851102 851202 856103
1246,1835,916103 916102 917104 917103
1247,1837,28203 28103
1248,1838,84204 84104
1249,1840,965106
1250,1841,520112 520212
1251,1842,936103 936203
1252,1844,84204 28203 28103 84104
1253,1845,290201 288201
1254,1846,83102
1255,1847,83202
1256,1849,923204 992109 923104 288101 290101
1257,1850,84204 84104
1258,1851,530113 530213
1259,1852,25212 235201 25112
1260,1853,2114 2214
1261,1854,13109 13209
1262,1855,120116 3101 120112
1263,1856,3201 120216 120212
1264,1857,955202 917104 916103 955102 917103 916102
1265,1859,923204 992109 923104 288101 290101
1266,1860,288101 288201 923104 290201 923204 290101
1267,1862,11210 30211 50211 11217 150219 11110
1268,1863,11110
1269,1864,916102 917103
1270,1866,83202
1271,1870,120116 3101 120112
1272,1872,2214 7112 992109 235201 235101 2114 7111 215101 7110
1273,1874,856203 856103
1274,1875,110201 288201 7211 215201 20220 20214 7210 290201 7212
1275,1876,288101 20120 5110 30211 110101 923204 20114 290101 929210
1276,1878,150119 110201 2214 7211 901204 7210 50111 30111 7212 11110
1277,1880,120212 3201 120216 288101 290101
1278,1884,520112 530113 520212 530213
1279,1885,4205 936103 4105 936203
1280,1886,83202
1281,1887,304108 304109 304107 304208 304209 304207
1282,1888,3201 120216 120212
1283,1889,520112 520212 510219 510119
1284,1890,20120 5110 30211 50211 110101 923204 20114 5210 929210
1285,1891,520112 520212 510219 510119
1286,1895,520112 520212 510219 510119
1287,1896,2214 2114
1288,1897,2214 2114
1289,1898,520112 520212 510219 510119
1290,1899,84204 84104
1291,1900,13109 13209
1292,1901,304108 304109 304107 304208 304209 304207
1293,1903,992109
1294,1904,288101 288201 992109 923104 290201 923204 290101
1295,1905,288101 288201 992109 215201 235201 235101 83102 290201 923204 83202 290101 215101 923104
1296,1906,288101 288201 992109 215201 235201 235101 290201 923204 290101 215101 923104
1297,1908,2214 7211 235201 7210 110101 215101 992109 30211 290201 923204 7111 150219 2114 11210 150119 288101 288201 901104 215201 235101 11217 7212 7110 923104 110201 7112 901204 50211 50111 30111 290101
1298,1912,31112 201103 202106 979102 31212 204101
1299,1914,816202 816102
1300,1915,2214 2114
1301,1916,2214 2114
1302,1917,916102 917103
1303,1918,916102 917103
1304,1919,916102 917103
1305,1920,84204 84104
1306,1921,707213 709214 707113 709114
1307,1922,120116 3101 120112
1308,1924,955202 917104 916103 955102 917103 916102
1309,1925,4205 4105
1310,1927,936103 851102 936203
1311,1928,851202
1312,1929,851102 856203 856103 936103 936203 851202
1313,1930,11110 150119
1314,1932,901204 929210 5210
1315,1933,5110 901104 929110
1316,1936,916102 917103
1317,1939,150119 110201 2214 288101 7211 288201 992109 215201 235201 235101 290201 7210 923204 50111 30111 7212 290101 11110 215101 901204 923104
1318,1943,856203 856103
1319,1944,530113 530213
1320,1945,901204 929210 5210
1321,1946,11110 11210 11217
1322,1947,11110 11210 3201 3101 11217
1323,1949,11210 3101 11217 3201 5210 11110 929210 901204
1324,1950,3201 5110 3101 5210
1325,1951,3201 5110 3101 5210
1326,1952,3201 5110 3101 5210
1327,1953,5110 5210
1328,1954,3201 5110 3101 5210
1329,1955,5110 5210
1330,1956,5110 5210
1331,1957,4205 4105
1332,1959,4205 4105
1333,1960,4205 4105
1334,1961,5110 5210
1335,1962,856203 936103 936203 856103
1336,1963,5110 5210
1337,1964,5110 5210
1338,1965,60108 60208 5110 5210
1339,1966,60108 13209 5110 60208 13109 5210
1340,1967,4205 4105
1341,1968,4205 961203 4105 961103
1342,1969,520112 520212
1343,1970,916102 917103
1344,1972,4205 60108 13209 955102 917104 916103 5110 917103 3201 3101 60208 13109 955202 5210 916102 4105
1345,1973,4205 961203 4105
1346,1974,4205 961203 4105 961103
1347,1975,530113 530213
1348,1976,84204 84104
1349,1977,520112 520212
1350,1978,4205 4105
1351,1981,11110 901204 929210
1352,1982,11210 901104 929110 11217
1353,1983,3101
1354,1984,3201
1355,1985,520112 520212
1356,1987,4205 4105
1357,1988,11210 901104 11217 11110 929210 901204 929110
1358,1989,11110
1359,1990,856203 856103
1360,1991,851102
1361,1992,530113 530213
1362,1994,856203 851202 856103
1363,1995,856203 851202 856103
1364,1996,851102 962204 856203 856103 936103 962104 936203 851202
1365,1997,4205 4105
1366,1999,4205 3201 4105 3101
1367,2000,4205 11210 11217 11110 11111 4105
1368,2001,4205 4105
1369,2002,4205 4105
1370,2003,4205 4105
1371,2004,4205 4105
1372,2005,4205 929210 11210 901104 11217 11110 11111 4105 901204 929110
1373,2006,4205 4105
1374,2007,530113 510219 510119 520112 520212 530213
1375,2009,520112 520212
1376,2011,3201 3101
1377,2012,520112 520212
1378,2013,11110 3201 11210 3101 11217
1379,2014,4205 4105
1380,2015,4205 4105
1381,2016,961203 961103
1382,2017,3201 3101
1383,2018,4205 13209 955102 13109 3101 3201 955202 4105
1384,2019,4205 4105
1385,2020,4205 4105
1386,2021,11110 11210 11217 11111
1387,2022,4205 955102 4105 955202
1388,2023,11110 11210 11217 11111
1389,2024,1215 1115
1390,2025,11110 11210 11217 11111
1391,2026,11110 11210 11217 11111
1392,2027,84204 84104
1393,2028,4205 11210 11217 11110 11111 4105
1394,2029,3201 5110 3101 5210
1395,2030,11110 11210 11217 11111
1396,2031,3201 3101
1397,2032,3201 3101
1398,2033,3201 3101
1399,2034,3201 3101
1400,2035,3201 3101
1401,2036,3201 3101
1402,2037,11110 11210 11217 11111
1403,2038,11110 11210 11217 11111
1404,2039,11210 11217 11110 11111 961203 961103
1405,2040,901204 901104
1406,2042,3201 3101
1407,2043,955102 936203 856203 11210 856103 955202 936103 11110 215101 215201
1408,2044,3201 955102 3101 955202
1409,2045,13209 3201 13109 3101
1410,2046,929210 929110
1411,2047,901204 901104
1412,2049,510219 510119
1413,2051,11110 11210 11217 11111
1414,2052,904101 904201
1415,2054,4205 962104 962204 11210 11217 11110 11111 4105
1416,2056,955202 11210 11217 955102 11110 11111
1417,2057,962104 962204
1418,2058,955102 11210 3101 11217 3201 955202 11110 11111
1419,2059,11210 3101 11217 3201 11110 11111
1420,2061,961203 961103
1421,2062,901204 901104 904101 904201
1422,2063,11110 11210 11217 11111
1423,2064,11110 11210 11217 11111
1424,2065,11110 11210 11217 11111
1425,2066,11110 11210 11217 11111
1426,2067,11110 11210 11217 11111
1427,2068,11110 11210 11217 11111
1428,2069,11110 11210 11217 11111
1429,2070,712105 712205 712206 712106
1430,2071,929210 929110
1431,2072,28203 28103
1432,2073,901204 901104 904101 904201
1433,2074,11210 962104 4105 962204 11217
1434,2076,967102
1435,2077,904101 904201
1436,2078,929210 929110
1437,2079,961203 961103
1438,2080,929210 929110
1439,2081,929210 929110
1440,2082,929210 929110
1441,2083,901204 901104 904101 904201
1442,2085,84204 84104
1443,2086,510219 510119
1444,2087,967102
1445,2088,962104 962204
1446,2089,929210 929110
1447,2090,13109 13209 967102
1448,2093,955102 955202
1449,2094,961203 962104 962204 961103
1450,2095,968101 967102
1451,2096,929210 929110
1452,2097,901204 901104 904101 904201
1453,2098,967102
1454,2100,967102
1455,2101,510219 510119
1456,2103,13109 968101 13209
1457,2105,929210 929110
1458,2106,968101
1459,2107,968101
1460,2108,967102 955102 955202
1461,2109,968101
1462,2110,968101
1463,2111,962104 962204
1464,2112,709104 709110 709114 709118 709204 709210 709214 709218
1465,2113,84204 84104
1466,2115,968101
1467,2117,13109 13209
1468,2118,961203 961103
1469,2119,929210 929110
1470,2120,967102 955102 968101 955202
1471,2121,962104 962204
1472,2122,968101 967102
1473,2125,13209 962104 963103 962204 13109 963203
1474,2127,929210 929110
1475,2128,962104 962204
1476,2129,962104 962204
1477,2130,11210 901104 929110 11217
1478,2132,962104 962204
1479,2134,963203 962104 963103 962204
1480,2135,955102 929210 929110 955202
1481,2136,963203 962104 963103 962204
1482,2137,955102 968101 967102 955202 929210 929110
1483,2138,955102 932204 963103 955202 962104 929210 929110 932104
1484,2139,962104 963103 962204 963203 929210 929110
1485,2140,961203 961103
1486,2141,962104 963103 962204 968101 967102 963203
1487,2142,963203 963103
1488,2143,962104 962204
1489,2144,510219 510119
1490,2145,84204 84104
1491,2146,955102 932204 963103 962204 963203 955202 962104 932104
1492,2148,13109 963203 13209 963103
1493,2151,398204 398104
1494,2153,704207 704107
1495,2154,520112 520212 510219 510119
1496,2156,13109 13209
1497,2157,929210 929110
1498,2158,13109 13209
1499,2159,968101 967102
1500,2160,961203 961103
1501,2161,13109 929210 13209 929110
1502,2162,707213 709214 707113 709114
1503,2163,963203 963103
1504,2164,13109 968101 13209 967102
1505,2167,13209 932204 968101 967102 13109 932104
1506,2168,13109 968101 13209 967102
1507,2169,961203 961103
1508,2170,929210 929110
1509,2172,27211 27111
1510,2173,961203 961104 961204 961103
1511,2174,961203 961103
1512,2175,13209 961104 961204 961203 968101 967102 13109 961103
1513,2176,932204 961104 961204 961203 932104 961103
1514,2177,510219 510119
1515,2179,961203 961104 961204 961103
1516,2180,707213 709214 707113 709114
1517,2181,705104 705204
1518,2182,707213 709214 707113 709114
1519,2184,963103 961204 961203 963203 961103 961104
1520,2185,963103 961204 961203 963203 961103 961104
1521,2186,963103 961204 961203 963203 961103 961104
1522,2187,961203 961103
1523,2188,961104 961204 961203 929210 929110 961103
1524,2189,961203 961104 961204 961103
1525,2190,705104 705204
1526,2191,14206 13109 14106 13209 18102
1527,2195,709114
1528,2196,707213 709214 707113 709114
1529,2197,707213 709214 707113 709114
1530,2198,932204 932104
1531,2199,705104 705204
1532,2200,705104 705204
1533,2201,707213 709214 707113 709114
1534,2203,705206 705104 705106 705204
1535,2205,705104 705204
1536,2207,929210 929110
1537,2209,709214 709114
1538,2210,901204 901104
1539,2213,705206 705104 705106 705204
1540,2214,707213 707113
1541,2215,705206 705104 705106 705204
1542,2216,707213 709214 707113 709114
1543,2217,929210 929110
1544,2218,705206 705104 705106 705204
1545,2220,705104 705204
1546,2221,932204 932104
1547,2222,705206 705204 705106 929210 705104 929110
1548,2223,707213 709104 709110 705204 709118 709204 709114 709210 709214 709218 707113 705104
1549,2224,705206 704107 705204 705106 704207 929210 705104 929110
1550,2225,701105 701205
1551,2228,701105 701205
1552,2229,932204 705206 704107 705204 705106 704207 705104 932104
1553,2230,701105 929210 701205 929110
1554,2232,709104 709110 709114 709118 709204 709210 709214 709218
1555,2233,709104 709110 709114 709118 709204 709210 709214 709218
1556,2234,707213 709104 709110 705204 709118 709204 709114 712105 709210 709214 709218 712206 712205 707113 705104 712106
1557,2237,704207 701105 701205 704107
1558,2240,707213 709214 707113 709114
1559,2242,510219 510119
1560,2244,932204 705206 704107 705204 705106 704207 705104 932104
1561,2245,709104 709110 709114 709118 709204 709210 709214 709218
1562,2246,709110 709114 712105 709210 709214 712205 712206 712106
1563,2247,709104 709110 709114 709118 709204 709210 709214 709218
1564,2248,932204 932104
1565,2249,929210 929110
1566,2250,709104 709110 709114 709118 709204 709214 709210 701105 709218 701205
1567,2252,709104 709110 709114 709118 709204 709210 709214 709218
1568,2253,932204 932104
1569,2254,704207 701105 701205 704107
1570,2255,709104 709110 709114 709118 709204 709214 709210 701105 709218 701205
1571,2257,709104 709110 709114 709118 709204 709210 709214 709218
1572,2258,709104 709110 709114 709118 709204 709210 709214 709218
1573,2259,709104 709110 709114 709118 709204 709210 709214 709218
1574,2262,932204 932104
1575,2263,709104 709110 709114 709118 709204 709210 709214 709218 929210 929110
1576,2264,701105 701205
1577,2266,31212 31112
1578,2267,709104 709110 704107 709114 709118 709204 709214 709210 701105 709218 704207 701205
1579,2270,709104 709110 709114 709118 709204 709214 709210 701105 709218 701205
1580,2271,709110 709114 712105 709210 709214 712205
1581,2272,709210 709214 709110 709114
1582,2273,707213 709214 707113 709114
1583,2274,709104 709110 709114 709118 709204 709214 709210 701105 709218 932204 701205 932104
1584,2275,929210 929110
1585,2276,701105 701205
1586,2280,510219 510119
1587,2282,901204 901104
1588,2284,704207 704107
1589,2285,709104 709110 709114 709118 709204 709214 709210 701105 709218 701205
1590,2288,704207 704107
1591,2289,932204 932104
1592,2290,929210 929110
1593,2291,707213 709110 709114 709210 709214 707113
1594,2293,704207 704107
1595,2296,705206 704107 705204 705106 704207 705104
1596,2297,304108 309115 304208 309215
1597,2298,704207 704107
1598,2300,929210 929110
1599,2301,701105 701205
1600,2302,712105 712205
1601,2304,704207 704107
1602,2305,704207 704107
1603,2306,704207 704107
1604,2308,704207 704107
1605,2309,712105 712205
1606,2310,932204 932104
1607,2312,929210 929110
1608,2316,704207 704107
1609,2319,712105 712205
1610,2320,704207 704107
1611,2321,929210 929110
1612,2324,704207 701105 701205 704107
1613,2326,398204 398104
1614,2327,704207 704107
1615,2330,704107 712106 712105 704207 712206 712205
1616,2331,704207 704107
1617,2333,704107 712106 712105 704207 712206 712205
1618,2334,932204 932104
1619,2335,704207 929210 929110 704107
1620,2336,712105 712205 712206 712106
1621,2338,832103
1622,2339,929210 929110
1623,2341,712106 712105 701105 712205 701205 712206
1624,2344,704207 704107
1625,2345,712105 712205 712206 712106
1626,2346,932204 932104
1627,2347,712106 712105 712206 929210 929110 712205
1628,2351,712105 712205 712206 712106
1629,2353,704207 704107
1630,2354,701105 701205
1631,2357,932104 704107 712105 701105 704207 932204 712205 712206 701205 712106
1632,2358,704109 704107 712105 701105 704207 712205 712206 701205 712106
1633,2359,510219 510119
1634,2362,704207 704107
1635,2363,704207 929210 929110 704107
1636,2364,704207 704107
1637,2365,704207 704107
1638,2366,704207 704107
1639,2368,704207 704107
1640,2369,704207 701105 701205 704107
1641,2370,701105 932204 701205 932104
1642,2371,701105 701205
1643,2372,3201 3101
1644,2373,932204 932104
1645,2374,932204 932104
1646,2375,701105 701205
1647,2376,701105 929210 701205 929110
1648,2377,704207 704107
1649,2378,704207 704107
1650,2379,701105 701205
1651,2380,704207 704107
1652,2381,701105 701205
1653,2388,530113 530213
1654,2391,901204 901104
1655,2392,510219 510119
1656,2395,901204 901104 933104 934104
1657,2396,905119
1658,2397,933104 934104
1659,2398,933104 934104
1660,2399,933104 934104
1661,2400,933104 934104
1662,2401,979102 978103
1663,2402,933104 934104 932204 932104
1664,2403,933104 934104
1665,2404,933104 934104
1666,2405,933104 929210 929110 934104
1667,2407,933104 934104
1668,2408,933104 934104
1669,2410,933104 934104
1670,2413,933104 934104
1671,2414,933104 934104
1672,2415,929210 929110
1673,2416,933104 934104
1674,2417,933104 934104
1675,2418,901204 901104 933104 934104
1676,2419,901204 901104 933104 934104
1677,2420,901204 901104
1678,2421,901204 901104 933104 934104
1679,2422,901204 901104 933104 934104
1680,2423,932204 901204 901104 932104
1681,2424,932204 901204 901104 932104
1682,2425,932204 932104
1683,2426,8106 8206 9209 9109
1684,2429,932204 933104 932104 929210 929110 934104
1685,2430,933104 934104
1686,2431,933104 929210 929110 934104
1687,2432,933104 929210 929110 934104
1688,2437,933104 934104
1689,2438,950102 932204 905118 901204 901104 905218 907102 950202 905119 934104 905219 932104 929210 933104 929110 906104
1690,2439,510219 510119
1691,2441,933104 934104
1692,2442,933104 934104
1693,2443,901204 901104 933104 934104
1694,2444,950102 932204 905118 933104 905218 907102 905119 934104 905219 932104 929210 950202 929110 906104
1695,2445,905119 905118 905219 905218
1696,2446,905119 905118 905219 905218
1697,2447,905118 905218
1698,2448,905119 905118 905219 905218
1699,2449,905119 905219
1700,2450,905119
1701,2452,907102 906104
1702,2453,31212 979102 31112
1703,2454,933104 934104
1704,2455,905118 905218
1705,2456,933104 934104
1706,2457,905118 905218
1707,2458,907102 906104
1708,2459,907102 906104
1709,2462,905118 905218
1710,2463,905119
1711,2464,907102 906104
1712,2465,907102 906104
1713,2466,510219 510119
1714,2467,907102 906104
1715,2469,905118 905218
1716,2470,907102 906104
1717,2474,905118 905218
1718,2475,905118 905218
1719,2476,907102 906104
1720,2477,950102 905218 905119 950202 905219 905118
1721,2478,395106 392204 395206
1722,2479,907102 906104
1723,2480,907102 906104
1724,2481,907102 906104
1725,2483,907102 906104
1726,2484,907102 906104
1727,2485,510219 510119
1728,2486,907102 906104
1729,2489,120216 7211 235201 7210 110101 2214 215101 992109 30211 3201 290201 923204 7111 2114 120212 288201 901104 215201 235101 7212 7110 923104 110201 7112 901204 50211 50111 30111
1730,2491,972103 973103
1731,2497,928104 928204
1732,2498,933104 934104
